[
  {
    "id": 1,
    "title": "Mr",
    "description": "Big Trouble",
    "price": 6710,
    "thumbnails": [
      "http://dummyimage.com/114x100.png/dddddd/000000"
    ],
    "code": 1,
    "stock": 12,
    "status": true
  },
  {
    "id": 2,
    "title": "procucto",
    "description": "modificado4",
    "price": 2421,
    "thumbnails": [
      "http://dummyimage.com/244x100.png/5fa2dd/ffffff"
    ],
    "code": 92121,
    "stock": 36,
    "status": true
  },
  {
    "id": 3,
    "title": "Rev",
    "description": "Van Gogh",
    "price": 9975,
    "thumbnails": [
      "http://dummyimage.com/196x100.png/dddddd/000000"
    ],
    "code": 3,
    "stock": 97,
    "status": true
  },
  {
    "id": 4,
    "title": "Honorable",
    "description": "Take the Lead",
    "price": 403,
    "thumbnails": [
      "http://dummyimage.com/163x100.png/dddddd/000000"
    ],
    "code": 4,
    "stock": 70,
    "status": true
  },
  {
    "id": 5,
    "title": "Rev",
    "description": "Arthur Christmas",
    "price": 1352,
    "thumbnails": [
      "http://dummyimage.com/218x100.png/5fa2dd/ffffff"
    ],
    "code": 5,
    "stock": 36,
    "status": true
  },
  {
    "id": 6,
    "title": "Mrs",
    "description": "Dark Circles ",
    "price": 6861,
    "thumbnails": [
      "http://dummyimage.com/182x100.png/5fa2dd/ffffff"
    ],
    "code": 6,
    "stock": 17,
    "status": true
  },
  {
    "id": "70061227050044",
    "title": "hakunamatata",
    "description": "comida",
    "price": 2421,
    "thumbnail": "http://dummyimage.com/244x100.png/5fa2dd/ffffff",
    "code": 9212143,
    "stock": 36,
    "status": true,
    "thumbnails": []
  },
  {
    "id": "95226382576129",
    "title": "hakunamatata",
    "description": "comida",
    "price": 2421,
    "thumbnail": "http://dummyimage.com/244x100.png/5fa2dd/ffffff",
    "code": 92121423,
    "stock": 36,
    "status": true,
    "thumbnails": []
  }
]